timestamp,target_x,target_y,target_z,std_x,std_y,std_z,prop_x,prop_y,prop_z,err_std_mm,err_prop_mm,delay_ms,tau_filt_ms
0.0,0.20311,0.30727,0.9,0.18139,0.39444,0.9,0.18162,0.39351,0.9,95.57,95.57,113.2,148.5
0.1623,0.15534,0.35631,0.9,0.17982,0.39215,0.9,0.17902,0.39111,0.9,46.17,50.51,174.9,149.6
0.2234,0.1309,0.36322,0.9,0.17689,0.39041,0.9,0.17607,0.38902,0.9,56.84,51.71,107.8,147.9
0.254,0.12468,0.36584,0.9,0.17376,0.38894,0.9,0.17243,0.3874,0.9,57.7,56.92,152.1,148.1
0.2998,0.11724,0.3671,0.9,0.17037,0.38763,0.9,0.16857,0.38597,0.9,60.59,58.77,153.6,148.3
0.346,0.11779,0.36637,0.9,0.16721,0.38635,0.9,0.16483,0.38465,0.9,56.71,56.59,166.0,149.0
0.3794,0.11196,0.36796,0.9,0.1639,0.38525,0.9,0.16112,0.38348,0.9,58.24,55.59,150.5,149.1
0.3979,0.1077,0.36825,0.9,0.16052,0.38423,0.9,0.15744,0.38241,0.9,58.71,54.75,140.9,148.7
0.4581,0.103,0.36862,0.9,0.15707,0.38329,0.9,0.15366,0.38145,0.9,59.6,55.83,145.3,148.6
0.5496,0.09934,0.3691,0.9,0.15361,0.38244,0.9,0.14982,0.38054,0.9,59.45,56.32,197.6,150.6
0.5653,0.09732,0.36901,0.9,0.15023,0.38164,0.9,0.14622,0.3797,0.9,57.87,52.75,114.2,149.1
0.6394,0.09481,0.36749,0.9,0.14691,0.38079,0.9,0.14263,0.37883,0.9,57.2,52.86,163.3,149.7
0.6553,0.0949,0.367,0.9,0.14379,0.37996,0.9,0.13928,0.37802,0.9,53.8,49.16,131.6,149.0
0.7449,0.09495,0.36686,0.9,0.14085,0.37917,0.9,0.13615,0.37727,0.9,50.56,45.99,188.0,150.5
0.7609,0.09444,0.36739,0.9,0.13807,0.37847,0.9,0.13323,0.37657,0.9,47.89,42.89,162.2,151.0
0.7923,0.09445,0.36701,0.9,0.13545,0.37778,0.9,0.13055,0.37541,0.9,45.1,39.93,144.9,150.7
0.8373,0.09353,0.36709,0.9,0.13294,0.37714,0.9,0.12787,0.37439,0.9,43.26,37.69,135.1,150.1
0.8521,0.09384,0.36759,0.9,0.13059,0.37656,0.9,0.12505,0.37362,0.9,40.24,35.09,104.5,148.3
0.9462,0.09167,0.36705,0.9,0.12826,0.37599,0.9,0.12233,0.37292,0.9,40.07,33.8,143.7,148.1
1.0386,0.09236,0.36685,0.9,0.1261,0.37544,0.9,0.11971,0.37224,0.9,37.04,31.66,196.6,150.0
1.0553,0.09129,0.3671,0.9,0.12401,0.37494,0.9,0.11721,0.37163,0.9,35.8,29.16,164.8,150.6
1.0712,0.0907,0.3658,0.9,0.12202,0.3744,0.9,0.11484,0.37102,0.9,34.55,27.17,156.1,150.9
1.1437,0.09074,0.36503,0.9,0.12014,0.37383,0.9,0.11256,0.37045,0.9,32.65,24.65,187.9,152.3
1.1588,0.09056,0.36494,0.9,0.11836,0.3733,0.9,0.11038,0.36993,0.9,30.88,22.23,102.2,150.3
1.2195,0.08986,0.36434,0.9,0.11665,0.37276,0.9,0.10836,0.36943,0.9,29.88,20.56,118.0,149.0
1.2499,0.09031,0.36514,0.9,0.11507,0.37231,0.9,0.10649,0.36896,0.9,27.43,18.95,127.0,148.2
1.3098,0.09007,0.36498,0.9,0.11357,0.37187,0.9,0.10477,0.36852,0.9,26.06,16.96,100.8,146.3
1.3683,0.08911,0.36507,0.9,0.1121,0.37146,0.9,0.10319,0.36815,0.9,25.39,15.31,107.4,144.7
1.4668,0.08896,0.36463,0.9,0.11072,0.37105,0.9,0.10166,0.36778,0.9,24.13,15.44,156.9,145.2
1.5286,0.08702,0.36409,0.9,0.10929,0.37063,0.9,0.10015,0.36746,0.9,24.7,15.91,112.3,143.9
1.5755,0.08647,0.36397,0.9,0.10792,0.37023,0.9,0.0988,0.36714,0.9,23.78,13.79,113.9,142.7
1.6206,0.0858,0.364,0.9,0.1066,0.36986,0.9,0.0975,0.36685,0.9,22.99,13.1,125.0,142.0
1.7017,0.08436,0.36367,0.9,0.10526,0.36949,0.9,0.09624,0.36655,0.9,23.08,13.11,167.9,143.0
1.7179,0.08523,0.36292,0.9,0.10406,0.36909,0.9,0.09512,0.36626,0.9,21.08,11.61,141.9,143.0
1.7633,0.08567,0.3631,0.9,0.10296,0.36873,0.9,0.09405,0.36596,0.9,19.34,11.38,171.9,144.1
1.7788,0.08417,0.36261,0.9,0.10183,0.36837,0.9,0.09304,0.36566,0.9,19.76,11.14,158.2,144.7
1.8244,0.08245,0.36197,0.9,0.10067,0.36798,0.9,0.09208,0.36537,0.9,20.41,11.34,148.6,144.8
1.8689,0.08096,0.36082,0.9,0.09949,0.36755,0.9,0.09112,0.36504,0.9,20.97,12.17,149.1,145.0
1.8843,0.07987,0.36038,0.9,0.09831,0.36712,0.9,0.09021,0.36472,0.9,20.88,11.61,130.3,144.4
1.9589,0.06228,0.36065,0.9,0.09615,0.36673,0.9,0.08898,0.36437,0.9,36.6,18.88,123.1,143.6
2.0203,0.06847,0.36423,0.9,0.09449,0.36658,0.9,0.0877,0.36431,0.9,27.79,19.59,150.8,143.9
2.0673,0.07452,0.36586,0.9,0.09329,0.36654,0.9,0.08701,0.36443,0.9,19.98,8.71,166.9,144.8
2.0836,0.08312,0.36948,0.9,0.09268,0.36672,0.9,0.08632,0.36454,0.9,10.59,8.37,128.8,144.1
2.1494,0.09049,0.37434,0.9,0.09255,0.36717,0.9,0.0863,0.36508,0.9,7.93,13.17,161.2,144.8
2.2091,0.09546,0.38003,0.9,0.09272,0.36795,0.9,0.08646,0.36577,0.9,13.19,17.16,153.0,145.2
2.2986,0.09014,0.38043,0.9,0.09257,0.36869,0.9,0.08642,0.36634,0.9,12.75,13.56,190.7,147.0
2.3453,0.08846,0.379,0.9,0.09232,0.36931,0.9,0.08637,0.36689,0.9,11.09,12.92,120.2,145.9
2.4053,0.08614,0.37959,0.9,0.09195,0.36993,0.9,0.08615,0.36744,0.9,11.99,12.46,101.3,144.1
2.4777,0.08552,0.37943,0.9,0.09156,0.3705,0.9,0.08592,0.36797,0.9,11.47,12.05,134.6,143.7
2.5519,0.08428,0.37832,0.9,0.09113,0.37097,0.9,0.08563,0.36841,0.9,10.69,10.35,128.8,143.1
2.597,0.08287,0.3795,0.9,0.09063,0.37148,0.9,0.08528,0.36886,0.9,11.87,11.12,132.9,142.7
2.6428,0.08295,0.38045,0.9,0.09017,0.37202,0.9,0.08495,0.36934,0.9,11.81,11.65,133.1,142.4
2.6726,0.08298,0.38151,0.9,0.08974,0.37259,0.9,0.08449,0.3698,0.9,11.91,11.6,111.6,141.1
2.7379,0.08446,0.38333,0.9,0.08942,0.37323,0.9,0.0841,0.37048,0.9,11.97,13.52,141.8,141.2
2.7714,0.0851,0.38251,0.9,0.08916,0.37379,0.9,0.08399,0.37116,0.9,10.24,12.07,142.2,141.2
2.8456,0.08339,0.38539,0.9,0.08882,0.37449,0.9,0.08378,0.37181,0.9,12.96,11.6,115.7,140.2
2.8752,0.0838,0.38309,0.9,0.08852,0.375,0.9,0.08388,0.37263,0.9,9.96,11.51,136.6,140.0
2.9198,0.08163,0.38163,0.9,0.0881,0.3754,0.9,0.08387,0.37335,0.9,9.56,9.44,131.3,139.7
2.9952,0.06407,0.38177,0.9,0.08666,0.37578,0.9,0.08281,0.37402,0.9,24.86,24.42,160.2,140.5
3.0409,0.05153,0.38166,0.9,0.08455,0.37613,0.9,0.0814,0.37464,0.9,35.62,29.05,113.6,139.4
3.1301,0.0502,0.3809,0.9,0.08249,0.37642,0.9,0.07983,0.37521,0.9,34.68,32.04,114.9,138.4
3.1898,0.05969,0.37647,0.9,0.08112,0.37642,0.9,0.0788,0.37548,0.9,22.8,20.0,144.2,138.7
3.2053,0.06133,0.37762,0.9,0.07994,0.3765,0.9,0.07784,0.37578,0.9,19.83,18.32,113.1,137.7
3.2792,0.06001,0.37868,0.9,0.07874,0.37663,0.9,0.0769,0.37615,0.9,20.05,18.08,139.8,137.7
3.3841,0.06041,0.3792,0.9,0.07764,0.37678,0.9,0.07605,0.37655,0.9,18.51,16.48,149.8,138.2
3.4293,0.06181,0.38039,0.9,0.07669,0.377,0.9,0.07535,0.377,0.9,16.24,14.45,156.0,138.9
3.5071,0.06254,0.38001,0.9,0.07584,0.37718,0.9,0.07475,0.37738,0.9,14.47,12.13,195.6,141.2
3.5247,0.06232,0.37819,0.9,0.07503,0.37724,0.9,0.07419,0.3777,0.9,13.56,11.78,120.9,140.4
3.5574,0.06696,0.37567,0.9,0.07455,0.37714,0.9,0.07373,0.37788,0.9,8.22,9.22,119.7,139.6
3.6336,0.06525,0.37708,0.9,0.07399,0.37714,0.9,0.07327,0.3781,0.9,9.3,9.27,156.3,140.2
3.6636,0.06326,0.37851,0.9,0.07334,0.37722,0.9,0.07232,0.37827,0.9,10.82,9.68,133.2,140.0
3.7088,0.06368,0.37779,0.9,0.07276,0.37726,0.9,0.07132,0.37841,0.9,9.68,8.78,123.1,139.3
3.826,0.06234,0.37715,0.9,0.07214,0.37725,0.9,0.07024,0.37851,0.9,10.42,9.21,122.8,138.6
3.8574,0.06495,0.3766,0.9,0.07171,0.37721,0.9,0.06957,0.37841,0.9,7.22,5.83,145.7,138.9
3.9187,0.06497,0.37416,0.9,0.0713,0.37703,0.9,0.06903,0.37819,0.9,7.4,5.84,179.0,140.5
3.9506,0.06539,0.37353,0.9,0.07095,0.37682,0.9,0.06854,0.378,0.9,6.87,5.49,107.9,139.2
4.0266,0.06173,0.37559,0.9,0.0704,0.37674,0.9,0.06797,0.37788,0.9,9.3,6.32,102.0,137.7
4.0928,0.06117,0.37664,0.9,0.06984,0.37674,0.9,0.06735,0.3779,0.9,9.22,6.95,145.1,138.0
4.1241,0.06073,0.37754,0.9,0.0693,0.37679,0.9,0.06678,0.37792,0.9,9.15,6.57,131.2,137.7
4.2013,0.06085,0.37808,0.9,0.06879,0.37686,0.9,0.06621,0.37795,0.9,8.55,6.8,174.2,139.2
4.2329,0.05976,0.37862,0.9,0.06825,0.37697,0.9,0.0657,0.37795,0.9,9.2,6.47,109.6,138.0
4.3099,0.06018,0.37543,0.9,0.06776,0.37688,0.9,0.06524,0.37781,0.9,8.21,6.07,143.0,138.2
4.3435,0.05888,0.3759,0.9,0.06723,0.37682,0.9,0.06479,0.37769,0.9,8.94,5.64,104.8,136.9
4.465,0.05915,0.37681,0.9,0.06675,0.37682,0.9,0.06432,0.37765,0.9,8.08,6.08,119.3,136.2
4.4809,0.05669,0.37608,0.9,0.06614,0.37677,0.9,0.06379,0.37757,0.9,10.08,6.98,125.7,135.8
4.5702,0.05697,0.376,0.9,0.06559,0.37673,0.9,0.06333,0.37744,0.9,9.2,7.27,155.7,136.6
4.5864,0.05621,0.37604,0.9,0.06503,0.37668,0.9,0.06292,0.37727,0.9,9.41,7.2,132.2,136.4
4.6631,0.0559,0.37593,0.9,0.06448,0.37664,0.9,0.06253,0.37709,0.9,9.16,6.94,164.2,137.5
4.6787,0.05621,0.37554,0.9,0.06398,0.37657,0.9,0.06211,0.37694,0.9,8.34,6.52,135.8,137.4
4.7387,0.05588,0.3755,0.9,0.0635,0.37651,0.9,0.06172,0.37683,0.9,8.18,5.38,161.6,138.4
4.7979,0.05675,0.37525,0.9,0.06309,0.37643,0.9,0.06139,0.37673,0.9,6.86,4.37,102.3,136.9
4.8788,0.05897,0.37376,0.9,0.06285,0.37627,0.9,0.06111,0.37659,0.9,4.92,3.94,108.7,135.8
4.8944,0.05902,0.37358,0.9,0.06262,0.37611,0.9,0.06088,0.37645,0.9,4.68,3.62,117.7,135.1
4.9711,0.0604,0.37356,0.9,0.06248,0.37596,0.9,0.06075,0.37625,0.9,3.38,3.04,143.3,135.4
5.0314,0.06126,0.3729,0.9,0.06241,0.37578,0.9,0.06068,0.37601,0.9,3.29,3.8,157.8,136.3
5.096,0.06033,0.37369,0.9,0.06228,0.37565,0.9,0.06059,0.37581,0.9,2.95,3.75,107.7,135.2
5.1129,0.0608,0.37399,0.9,0.0622,0.37555,0.9,0.06046,0.37569,0.9,2.23,1.85,140.3,135.4
5.191,0.0635,0.37373,0.9,0.06227,0.37544,0.9,0.06043,0.37557,0.9,2.25,2.76,106.9,134.2
5.2668,0.06337,0.37295,0.9,0.06234,0.37529,0.9,0.06043,0.37541,0.9,2.72,3.92,131.4,134.1
5.3254,0.06361,0.37218,0.9,0.06242,0.37511,0.9,0.06047,0.37524,0.9,3.36,4.48,111.5,133.2
5.4287,0.06471,0.37217,0.9,0.06255,0.37493,0.9,0.06046,0.37507,0.9,3.73,3.63,188.6,135.4
5.4751,0.06286,0.37247,0.9,0.06257,0.37478,0.9,0.06048,0.37491,0.9,2.48,3.4,189.7,137.6
5.4908,0.06263,0.37251,0.9,0.06258,0.37465,0.9,0.06052,0.37476,0.9,2.27,3.32,155.0,138.3
5.5357,0.06322,0.37278,0.9,0.06261,0.37453,0.9,0.06059,0.37461,0.9,1.98,3.21,174.1,139.7
5.5541,0.06311,0.37289,0.9,0.06264,0.37443,0.9,0.06067,0.37447,0.9,1.71,2.97,144.0,139.9
5.5986,0.06266,0.37359,0.9,0.06265,0.37438,0.9,0.06072,0.37437,0.9,0.85,2.05,143.2,140.0
5.6651,0.06114,0.37443,0.9,0.06255,0.37439,0.9,0.06077,0.37432,0.9,1.5,1.14,185.6,141.9
5.6954,0.06151,0.3746,0.9,0.06249,0.3744,0.9,0.06087,0.37424,0.9,1.06,1.6,179.4,143.4
5.7112,0.06261,0.37428,0.9,0.0625,0.37439,0.9,0.06096,0.37418,0.9,0.17,1.57,153.2,143.8
5.727,0.06178,0.37477,0.9,0.06246,0.37442,0.9,0.06102,0.37416,0.9,0.82,1.26,122.6,142.9
5.787,0.06355,0.37453,0.9,0.06252,0.37442,0.9,0.06116,0.37415,0.9,1.1,1.91,121.2,142.0
5.863,0.06364,0.37448,0.9,0.06259,0.37443,0.9,0.06132,0.3741,0.9,1.12,2.17,158.8,142.7
5.9084,0.06284,0.37399,0.9,0.0626,0.3744,0.9,0.06142,0.37405,0.9,0.5,0.61,163.1,143.5
5.954,0.06048,0.37469,0.9,0.06248,0.37442,0.9,0.06149,0.37398,0.9,2.15,0.57,164.7,144.4
6.0283,0.06281,0.37253,0.9,0.0625,0.3743,0.9,0.0616,0.37387,0.9,1.92,1.75,134.1,144.0
6.0895,0.06407,0.37208,0.9,0.06259,0.37417,0.9,0.0618,0.37377,0.9,2.72,3.11,109.7,142.6
6.15,0.06273,0.37242,0.9,0.0626,0.37406,0.9,0.06192,0.37366,0.9,1.76,2.12,123.9,141.8
6.1695,0.06345,0.37278,0.9,0.06265,0.37399,0.9,0.06203,0.37357,0.9,1.54,1.57,121.0,141.0
6.2597,0.06323,0.37323,0.9,0.06269,0.37394,0.9,0.06213,0.37355,0.9,0.95,1.24,169.5,142.2
6.3046,0.06326,0.37349,0.9,0.06272,0.37391,0.9,0.06227,0.37354,0.9,0.74,2.35,176.1,143.5
6.3362,0.06518,0.37314,0.9,0.06287,0.37387,0.9,0.06246,0.37351,0.9,2.58,3.18,161.7,144.2
6.4097,0.06406,0.3738,0.9,0.06294,0.37386,0.9,0.06264,0.37348,0.9,1.2,3.23,109.5,142.8
6.4276,0.06382,0.37337,0.9,0.06299,0.37383,0.9,0.06274,0.37349,0.9,1.01,1.33,113.0,141.7
6.5327,0.05983,0.37388,0.9,0.0628,0.37384,0.9,0.06267,0.37337,0.9,3.17,3.27,168.5,142.7
6.5948,0.06185,0.36892,0.9,0.06275,0.37354,0.9,0.06267,0.37312,0.9,5.01,5.09,112.4,141.5
6.6565,0.06453,0.36836,0.9,0.06285,0.37323,0.9,0.06277,0.37289,0.9,5.48,5.13,166.1,142.5
6.6742,0.06447,0.36831,0.9,0.06295,0.37294,0.9,0.06286,0.37265,0.9,5.18,4.85,150.5,142.8
6.722,0.06433,0.3685,0.9,0.06303,0.37267,0.9,0.06296,0.37242,0.9,4.65,4.45,130.6,142.3
6.7858,0.06299,0.36891,0.9,0.06303,0.37244,0.9,0.06302,0.37222,0.9,3.77,3.52,152.6,142.7
6.849,0.06249,0.36888,0.9,0.063,0.37223,0.9,0.06301,0.37205,0.9,3.6,3.0,161.5,143.5
6.9252,0.062,0.3699,0.9,0.06294,0.37209,0.9,0.06297,0.37195,0.9,2.54,1.94,188.7,145.3
6.9417,0.06171,0.37063,0.9,0.06286,0.372,0.9,0.06293,0.37191,0.9,1.91,1.45,166.9,146.2
6.9891,0.06177,0.37195,0.9,0.0628,0.372,0.9,0.06294,0.37183,0.9,1.09,1.76,174.3,147.3
7.0362,0.06407,0.3688,0.9,0.06288,0.37181,0.9,0.06301,0.37168,0.9,3.45,2.73,122.2,146.3
7.1561,0.06295,0.36844,0.9,0.06288,0.37161,0.9,0.06307,0.37149,0.9,3.37,3.6,115.4,145.1
7.2033,0.06302,0.36875,0.9,0.06289,0.37143,0.9,0.06309,0.37134,0.9,2.86,2.98,107.8,143.6
7.3119,0.06622,0.36626,0.9,0.06309,0.37112,0.9,0.06315,0.37104,0.9,6.15,5.45,166.6,144.5
7.3566,0.06562,0.36714,0.9,0.06324,0.37089,0.9,0.06321,0.37072,0.9,4.71,4.65,123.9,143.7
7.4056,0.06754,0.3648,0.9,0.0635,0.37052,0.9,0.06344,0.37036,0.9,7.45,6.42,129.0,143.1
7.4788,0.06983,0.36544,0.9,0.06388,0.37022,0.9,0.0638,0.37003,0.9,8.12,8.15,156.9,143.6
7.5245,0.06888,0.36572,0.9,0.06418,0.36995,0.9,0.06414,0.36973,0.9,6.72,7.54,115.5,142.5
7.5694,0.0694,0.36606,0.9,0.06449,0.36971,0.9,0.06439,0.36947,0.9,6.51,6.37,133.8,142.2
7.6746,0.06915,0.36522,0.9,0.06477,0.36944,0.9,0.06471,0.36922,0.9,6.47,7.58,195.5,144.3
7.7219,0.06919,0.36598,0.9,0.06504,0.36924,0.9,0.06493,0.36903,0.9,5.62,6.09,135.7,143.9
7.7552,0.05847,0.36939,0.9,0.06464,0.36924,0.9,0.06464,0.36901,0.9,6.57,5.42,139.1,143.7
7.8313,0.05407,0.37166,0.9,0.06401,0.36939,0.9,0.06403,0.36916,0.9,10.84,12.39,172.2,144.9
7.8929,0.05973,0.36919,0.9,0.06375,0.36938,0.9,0.06382,0.36911,0.9,4.28,4.21,150.8,145.1
7.9371,0.06046,0.36986,0.9,0.06355,0.36941,0.9,0.06365,0.36908,0.9,3.33,3.52,148.0,145.2
7.9659,0.05985,0.37217,0.9,0.06333,0.36957,0.9,0.06347,0.36914,0.9,4.62,4.27,131.6,144.7
7.9834,0.06082,0.37304,0.9,0.06318,0.36978,0.9,0.06333,0.36919,0.9,4.28,4.7,120.0,143.7
8.0733,0.06175,0.37327,0.9,0.0631,0.36999,0.9,0.06326,0.36927,0.9,3.77,3.98,101.0,142.0
8.1623,0.06163,0.37344,0.9,0.06301,0.3702,0.9,0.0633,0.3694,0.9,3.75,4.8,176.7,143.4
8.1924,0.06211,0.37416,0.9,0.06295,0.37044,0.9,0.06339,0.36953,0.9,4.07,4.61,104.3,141.8
8.2357,0.06272,0.3745,0.9,0.06294,0.37068,0.9,0.06347,0.36969,0.9,4.07,4.97,134.0,141.5
8.251,0.06338,0.37312,0.9,0.06297,0.37083,0.9,0.06355,0.36983,0.9,2.48,4.28,115.4,140.5
8.3406,0.06315,0.37282,0.9,0.06298,0.37095,0.9,0.06368,0.36991,0.9,2.01,3.05,150.3,140.9
8.4307,0.06266,0.37347,0.9,0.06296,0.3711,0.9,0.0636,0.37007,0.9,2.55,3.32,112.2,139.7
8.4913,0.06133,0.37374,0.9,0.06286,0.37126,0.9,0.06336,0.37028,0.9,3.1,4.85,177.2,141.2
8.5583,0.06069,0.3732,0.9,0.06273,0.37137,0.9,0.06299,0.3705,0.9,2.91,3.98,139.5,141.1
8.5741,0.05739,0.37496,0.9,0.06241,0.37159,0.9,0.06262,0.37074,0.9,6.43,7.41,147.9,141.4
8.6214,0.05765,0.37641,0.9,0.06212,0.37188,0.9,0.06232,0.37102,0.9,6.77,6.98,108.5,140.1
8.7317,0.05723,0.37635,0.9,0.06183,0.37214,0.9,0.06199,0.37134,0.9,6.63,7.48,129.4,139.7
8.7928,0.05752,0.37653,0.9,0.06157,0.37241,0.9,0.06172,0.37168,0.9,6.15,6.97,128.7,139.2
8.8094,0.05778,0.37636,0.9,0.06135,0.37265,0.9,0.0615,0.37201,0.9,5.47,6.21,122.7,138.6
8.9181,0.05598,0.37642,0.9,0.06102,0.37287,0.9,0.06124,0.37232,0.9,6.56,6.66,110.1,137.4
9.027,0.06504,0.37687,0.9,0.06126,0.37311,0.9,0.06134,0.37251,0.9,5.67,2.91,100.4,135.9
9.1086,0.06543,0.37594,0.9,0.06151,0.37328,0.9,0.06153,0.37277,0.9,5.03,5.36,133.7,135.9
9.1824,0.06485,0.37499,0.9,0.06171,0.37338,0.9,0.06169,0.37296,0.9,3.75,4.22,106.7,134.7
9.2458,0.06534,0.37587,0.9,0.06193,0.37353,0.9,0.06189,0.37317,0.9,4.39,4.62,139.4,134.9
9.321,0.06578,0.37454,0.9,0.06216,0.37359,0.9,0.06203,0.37332,0.9,3.97,4.1,119.5,134.3
9.3959,0.0674,0.37361,0.9,0.06248,0.37359,0.9,0.06228,0.37335,0.9,5.24,6.18,153.1,135.0
9.4703,0.06992,0.3709,0.9,0.06292,0.37343,0.9,0.06252,0.37336,0.9,7.91,7.22,113.7,134.2
9.5011,0.07248,0.37026,0.9,0.0635,0.37324,0.9,0.06293,0.37332,0.9,10.07,10.51,155.8,135.0
9.5616,0.07283,0.37087,0.9,0.06406,0.3731,0.9,0.06314,0.37337,0.9,9.63,6.49,175.3,136.6
9.5961,0.0685,0.37242,0.9,0.06432,0.37306,0.9,0.06334,0.37344,0.9,4.49,5.71,148.6,137.1
9.6279,0.06934,0.37292,0.9,0.06462,0.37305,0.9,0.06355,0.37351,0.9,5.02,5.89,150.2,137.6
9.7033,0.06878,0.37381,0.9,0.06487,0.3731,0.9,0.06374,0.37356,0.9,4.23,5.83,167.8,138.8
9.749,0.07034,0.371,0.9,0.0652,0.37297,0.9,0.06411,0.37347,0.9,5.85,6.89,146.3,139.1
9.7954,0.06927,0.37148,0.9,0.06545,0.37288,0.9,0.06444,0.37344,0.9,4.34,5.39,145.1,139.4
9.8794,0.06824,0.37195,0.9,0.06561,0.37283,0.9,0.06457,0.37356,0.9,2.95,1.32,182.3,141.1
9.8951,0.06554,0.37363,0.9,0.06561,0.37287,0.9,0.06466,0.37367,0.9,0.81,1.32,189.7,143.0
9.9112,0.06527,0.37516,0.9,0.06559,0.37301,0.9,0.06476,0.37379,0.9,2.32,1.31,152.1,143.4
9.9417,0.06478,0.37399,0.9,0.06554,0.37307,0.9,0.06484,0.37383,0.9,1.27,0.23,154.4,143.8
9.9573,0.06525,0.37395,0.9,0.06552,0.37312,0.9,0.06498,0.37382,0.9,0.93,0.27,125.1,143.1
10.0475,0.06795,0.37388,0.9,0.06567,0.37317,0.9,0.06525,0.37379,0.9,2.54,2.75,165.3,144.0
10.1137,0.06424,0.37436,0.9,0.06558,0.37324,0.9,0.06553,0.37375,0.9,1.86,1.51,110.8,142.7
10.1614,0.06571,0.37386,0.9,0.06559,0.37328,0.9,0.06567,0.37373,0.9,0.63,0.22,143.6,142.7
10.2219,0.06652,0.37346,0.9,0.06565,0.37329,0.9,0.06582,0.37371,0.9,0.95,0.75,161.6,143.4
10.2375,0.06633,0.37378,0.9,0.06569,0.37332,0.9,0.06596,0.37371,0.9,0.84,0.53,159.2,144.1
10.2836,0.06466,0.37468,0.9,0.06563,0.3734,0.9,0.06608,0.37372,0.9,1.71,0.4,115.5,142.9
10.3137,0.06328,0.37442,0.9,0.06548,0.37346,0.9,0.06608,0.3737,0.9,2.56,2.72,139.1,142.8
10.372,0.06323,0.37444,0.9,0.06535,0.37352,0.9,0.0661,0.37372,0.9,2.46,1.84,163.1,143.6
10.4482,0.0664,0.37523,0.9,0.06541,0.37362,0.9,0.0662,0.37387,0.9,2.01,3.15,188.0,145.4
10.4791,0.06782,0.37651,0.9,0.06556,0.37379,0.9,0.06629,0.37403,0.9,3.76,3.08,143.0,145.3
10.5559,0.06562,0.3773,0.9,0.06556,0.37401,0.9,0.0663,0.37419,0.9,3.5,2.81,178.0,146.6
10.5717,0.06636,0.37677,0.9,0.06561,0.37417,0.9,0.06632,0.37433,0.9,2.88,2.62,151.3,146.8
10.6322,0.06749,0.37697,0.9,0.06572,0.37434,0.9,0.06632,0.37449,0.9,3.37,3.15,168.3,147.6
10.6822,0.06643,0.37747,0.9,0.06576,0.37453,0.9,0.06638,0.37464,0.9,3.21,3.0,145.4,147.5
10.6985,0.06673,0.37781,0.9,0.06582,0.37472,0.9,0.06648,0.37477,0.9,3.42,3.0,101.9,145.7
10.8016,0.0649,0.37697,0.9,0.06577,0.37486,0.9,0.06643,0.37491,0.9,2.43,2.88,113.0,144.4
10.9259,0.06567,0.37519,0.9,0.06576,0.37488,0.9,0.0664,0.37494,0.9,0.34,1.01,124.8,143.6
11.0,0.06511,0.37546,0.9,0.06572,0.37491,0.9,0.06633,0.37498,0.9,0.87,1.83,167.6,144.6
11.0477,0.06548,0.3764,0.9,0.06571,0.375,0.9,0.06624,0.37502,0.9,1.5,1.97,108.4,143.1
11.1363,0.06394,0.3761,0.9,0.0656,0.37507,0.9,0.06605,0.37511,0.9,2.08,2.95,117.7,142.1
11.2009,0.06425,0.37502,0.9,0.06552,0.37506,0.9,0.06597,0.37512,0.9,1.36,1.07,171.6,143.3
11.2348,0.06534,0.37497,0.9,0.06551,0.37506,0.9,0.06597,0.37521,0.9,0.21,1.07,170.9,144.4
11.2805,0.06392,0.37581,0.9,0.06541,0.3751,0.9,0.06591,0.3753,0.9,1.76,1.97,138.1,144.2
11.3574,0.06225,0.374,0.9,0.06522,0.37504,0.9,0.06577,0.37527,0.9,3.35,3.22,159.0,144.7
11.4185,0.06537,0.37264,0.9,0.06523,0.37489,0.9,0.06568,0.3752,0.9,2.4,2.99,196.0,146.8
11.4514,0.06461,0.37094,0.9,0.0652,0.37466,0.9,0.0656,0.37513,0.9,4.01,3.16,116.8,145.6
11.5169,0.06244,0.37084,0.9,0.06503,0.37443,0.9,0.06545,0.37497,0.9,4.71,5.29,149.7,145.8
11.5625,0.06373,0.37054,0.9,0.06495,0.37419,0.9,0.06539,0.37481,0.9,4.1,4.69,153.0,146.1
11.6395,0.06549,0.37022,0.9,0.06499,0.37396,0.9,0.06532,0.37466,0.9,4.01,4.24,108.0,144.5
11.7528,0.06418,0.37037,0.9,0.06494,0.37374,0.9,0.06523,0.37447,0.9,3.67,4.28,113.2,143.3
11.7987,0.06658,0.37159,0.9,0.06503,0.37361,0.9,0.06526,0.37434,0.9,2.7,3.04,149.3,143.5
11.8587,0.06611,0.37349,0.9,0.0651,0.37361,0.9,0.06526,0.37428,0.9,1.09,1.73,121.3,142.6
11.9469,0.06682,0.37379,0.9,0.0652,0.37362,0.9,0.06527,0.37429,0.9,1.73,1.34,175.1,143.9
12.0059,0.06638,0.374,0.9,0.06527,0.37364,0.9,0.0653,0.37424,0.9,1.24,1.28,178.2,145.3
12.0226,0.06618,0.37326,0.9,0.06533,0.37362,0.9,0.06531,0.3742,0.9,0.98,1.31,159.8,145.9
12.1146,0.06695,0.3724,0.9,0.06543,0.37354,0.9,0.06533,0.37415,0.9,2.03,1.71,162.2,146.5
12.1456,0.06577,0.37365,0.9,0.06545,0.37355,0.9,0.0653,0.37409,0.9,0.36,0.66,146.5,146.5
12.1768,0.06543,0.37412,0.9,0.06545,0.37358,0.9,0.06528,0.37404,0.9,0.57,0.21,136.5,146.1
12.2878,0.06637,0.37409,0.9,0.0655,0.37361,0.9,0.06545,0.37399,0.9,1.05,4.09,198.9,148.2
12.3189,0.06818,0.37528,0.9,0.06566,0.37371,0.9,0.06552,0.37394,0.9,3.16,2.75,108.3,146.6
12.3808,0.06789,0.37613,0.9,0.0658,0.37386,0.9,0.06561,0.37395,0.9,3.29,3.16,140.7,146.4
12.4121,0.06727,0.37623,0.9,0.06588,0.374,0.9,0.06568,0.37398,0.9,2.79,2.96,155.9,146.8
12.522,0.06858,0.37585,0.9,0.06605,0.37411,0.9,0.0658,0.374,0.9,3.27,3.53,137.8,146.4
12.5404,0.06988,0.37669,0.9,0.06628,0.37427,0.9,0.066,0.37405,0.9,4.62,4.03,122.0,145.5
12.6453,0.07028,0.37741,0.9,0.06652,0.37446,0.9,0.06622,0.37411,0.9,5.09,4.58,101.0,143.7
12.6612,0.06915,0.37723,0.9,0.06667,0.37462,0.9,0.06644,0.37426,0.9,3.82,5.06,107.6,142.2
12.7229,0.06852,0.37607,0.9,0.06678,0.37471,0.9,0.06656,0.37434,0.9,2.34,2.83,119.5,141.3
12.7897,0.06764,0.37562,0.9,0.06684,0.37476,0.9,0.06664,0.37439,0.9,1.25,1.89,129.3,140.8
12.8675,0.06696,0.37581,0.9,0.06684,0.37483,0.9,0.0667,0.37446,0.9,1.05,1.89,116.8,139.9
12.999,0.06656,0.37737,0.9,0.06683,0.37498,0.9,0.0667,0.37459,0.9,2.56,2.88,154.4,140.5
13.0883,0.06736,0.37659,0.9,0.06686,0.37508,0.9,0.0668,0.3747,0.9,1.7,2.23,126.9,139.9
13.1189,0.06406,0.3783,0.9,0.06669,0.37527,0.9,0.06683,0.37485,0.9,4.27,2.58,105.7,138.5
13.2215,0.06041,0.37947,0.9,0.06631,0.37552,0.9,0.0666,0.37509,0.9,7.56,6.79,119.6,137.8
13.2665,0.06076,0.38343,0.9,0.06598,0.376,0.9,0.06635,0.37555,0.9,9.66,10.25,139.3,137.9
13.3254,0.06383,0.38632,0.9,0.06585,0.37662,0.9,0.06613,0.37613,0.9,10.55,12.09,101.0,136.4
13.3715,0.06838,0.38182,0.9,0.066,0.37693,0.9,0.0662,0.37657,0.9,5.79,7.96,113.6,135.5
13.4762,0.07263,0.38339,0.9,0.0664,0.37732,0.9,0.06657,0.37695,0.9,9.26,8.88,168.4,136.8
13.5208,0.07135,0.38344,0.9,0.0667,0.37768,0.9,0.06679,0.37737,0.9,7.87,7.71,160.5,137.7
13.5371,0.06781,0.38467,0.9,0.06676,0.3781,0.9,0.06692,0.37778,0.9,7.08,7.65,148.5,138.2
13.5923,0.07055,0.38524,0.9,0.06699,0.37853,0.9,0.06711,0.3782,0.9,8.08,8.53,148.3,138.6
13.6839,0.09329,0.38933,0.9,0.06857,0.37918,0.9,0.0684,0.37878,0.9,28.43,27.64,134.8,138.4
13.7296,0.1027,0.39398,0.9,0.07062,0.38007,0.9,0.07009,0.37958,0.9,37.2,37.06,136.3,138.3
13.7449,0.10646,0.39704,0.9,0.07277,0.38109,0.9,0.07183,0.38043,0.9,39.66,38.1,119.9,137.6
13.7934,0.11412,0.4013,0.9,0.07525,0.3823,0.9,0.07376,0.38143,0.9,46.03,43.33,123.5,137.0
13.81,0.11589,0.40252,0.9,0.07769,0.38351,0.9,0.07572,0.38253,0.9,45.39,46.05,119.3,136.3
13.8451,0.11769,0.40268,0.9,0.08009,0.38466,0.9,0.07764,0.3837,0.9,44.35,45.47,108.5,135.2
13.9636,0.11982,0.40174,0.9,0.08247,0.38569,0.9,0.07972,0.38466,0.9,43.25,46.25,179.9,137.0
13.9935,0.1215,0.39854,0.9,0.08481,0.38646,0.9,0.0818,0.38549,0.9,41.09,43.79,179.5,138.7
14.037,0.12134,0.39814,0.9,0.087,0.38716,0.9,0.08389,0.38627,0.9,38.35,41.45,168.9,139.9
14.0547,0.12124,0.39821,0.9,0.08906,0.38782,0.9,0.08582,0.38701,0.9,35.97,39.22,138.0,139.8
14.0847,0.12112,0.39824,0.9,0.09098,0.38845,0.9,0.08762,0.38772,0.9,33.71,37.09,122.5,139.1
14.177,0.11979,0.39893,0.9,0.09271,0.38908,0.9,0.08929,0.38843,0.9,30.65,34.05,137.7,139.1
14.2526,0.11947,0.39974,0.9,0.09432,0.38972,0.9,0.09131,0.3892,0.9,28.81,32.12,148.9,139.5
14.2693,0.11939,0.39866,0.9,0.09582,0.39025,0.9,0.09339,0.38999,0.9,26.62,29.71,132.3,139.2
14.3787,0.11912,0.3995,0.9,0.09722,0.39081,0.9,0.09527,0.39069,0.9,25.07,25.33,189.2,141.2
14.3972,0.11739,0.39792,0.9,0.09843,0.39123,0.9,0.09707,0.39137,0.9,21.39,23.41,162.5,142.0
14.4272,0.1176,0.39817,0.9,0.09958,0.39165,0.9,0.09888,0.39209,0.9,20.38,21.61,149.5,142.3
14.4724,0.11753,0.39827,0.9,0.10066,0.39205,0.9,0.10064,0.3928,0.9,19.14,19.69,171.1,143.5
14.4886,0.11778,0.3977,0.9,0.10168,0.39239,0.9,0.10231,0.39344,0.9,18.03,17.82,139.7,143.3
14.5965,0.11308,0.39959,0.9,0.10237,0.39282,0.9,0.10373,0.39404,0.9,13.48,12.43,140.7,143.2
14.6466,0.1091,0.40022,0.9,0.10277,0.39326,0.9,0.10492,0.39462,0.9,10.01,9.33,105.4,141.7
14.6923,0.10865,0.4021,0.9,0.10312,0.39379,0.9,0.1059,0.39521,0.9,10.61,7.86,124.1,141.0
14.7235,0.10883,0.40398,0.9,0.10347,0.3944,0.9,0.10675,0.39581,0.9,11.68,7.93,115.5,140.0
14.83,0.10741,0.40537,0.9,0.1037,0.39506,0.9,0.10759,0.39651,0.9,11.65,9.94,200.0,142.4
14.8639,0.10951,0.40517,0.9,0.10405,0.39567,0.9,0.10831,0.39719,0.9,11.66,9.25,172.5,143.6
14.9284,0.10887,0.40619,0.9,0.10434,0.3963,0.9,0.10897,0.39782,0.9,11.57,8.23,174.9,144.9
14.9446,0.10949,0.40507,0.9,0.10465,0.39683,0.9,0.10949,0.39839,0.9,10.17,7.53,160.7,145.5
14.9617,0.1071,0.40556,0.9,0.1048,0.39735,0.9,0.10989,0.3989,0.9,9.07,7.18,135.0,145.1
15.0228,0.10753,0.40598,0.9,0.10496,0.39787,0.9,0.11025,0.39937,0.9,9.05,6.62,170.5,146.1
15.0715,0.10812,0.40537,0.9,0.10515,0.39832,0.9,0.11052,0.39981,0.9,8.14,6.7,101.8,144.3
15.1668,0.10762,0.40537,0.9,0.1053,0.39874,0.9,0.11074,0.40021,0.9,7.47,6.46,157.7,144.9
15.2116,0.10688,0.40553,0.9,0.10539,0.39915,0.9,0.11094,0.40059,0.9,6.98,6.45,169.9,145.9
15.2425,0.10795,0.40538,0.9,0.10555,0.39952,0.9,0.11102,0.40098,0.9,6.74,5.97,122.5,144.9
15.2877,0.10833,0.40465,0.9,0.10571,0.39983,0.9,0.11101,0.40131,0.9,5.84,5.06,113.0,143.6
15.39,0.10978,0.40438,0.9,0.10596,0.4001,0.9,0.11091,0.40166,0.9,6.11,5.55,112.3,142.4
15.4347,0.10694,0.40622,0.9,0.10602,0.40047,0.9,0.1108,0.40202,0.9,6.19,5.44,164.8,143.3
15.4506,0.10824,0.4059,0.9,0.10615,0.4008,0.9,0.1107,0.4024,0.9,5.87,4.93,157.0,143.8
15.5252,0.10678,0.40571,0.9,0.10619,0.40109,0.9,0.11045,0.40273,0.9,4.95,6.35,189.3,145.6
15.5701,0.10297,0.40613,0.9,0.10599,0.40139,0.9,0.11014,0.40304,0.9,5.97,7.18,120.9,144.7
15.5856,0.10566,0.40634,0.9,0.10597,0.40169,0.9,0.10983,0.40335,0.9,4.96,6.81,117.8,143.6
15.6838,0.10555,0.4072,0.9,0.10595,0.40202,0.9,0.10949,0.4037,0.9,5.52,7.31,172.1,144.7
15.73,0.10375,0.40747,0.9,0.10582,0.40235,0.9,0.10928,0.40399,0.9,5.88,4.89,185.2,146.3
15.7456,0.10612,0.40732,0.9,0.10584,0.40265,0.9,0.10904,0.40425,0.9,4.99,4.48,161.6,147.0
15.8077,0.10463,0.40661,0.9,0.10576,0.40288,0.9,0.10875,0.40439,0.9,4.14,4.64,100.0,145.1
15.9173,0.10178,0.40758,0.9,0.10552,0.40317,0.9,0.10852,0.40461,0.9,6.16,4.0,119.2,144.0
15.9976,0.10477,0.40699,0.9,0.10548,0.4034,0.9,0.10828,0.40484,0.9,3.9,4.45,144.8,144.1
16.0135,0.10409,0.40657,0.9,0.1054,0.40359,0.9,0.10802,0.40501,0.9,3.47,4.37,128.0,143.4
16.0741,0.10361,0.4031,0.9,0.10529,0.40356,0.9,0.1077,0.40497,0.9,1.85,5.56,152.6,143.8
16.1034,0.10113,0.40045,0.9,0.10504,0.40337,0.9,0.10732,0.40484,0.9,5.2,7.85,142.2,143.7
16.1512,0.09548,0.39981,0.9,0.10446,0.40316,0.9,0.1067,0.40467,0.9,10.2,12.19,137.6,143.5
16.2017,0.09403,0.39896,0.9,0.10384,0.4029,0.9,0.10596,0.40442,0.9,11.24,13.87,152.5,143.8
16.2644,0.09491,0.39734,0.9,0.1033,0.40257,0.9,0.10531,0.40413,0.9,10.52,12.53,171.8,145.0
16.3248,0.09706,0.398,0.9,0.10293,0.4023,0.9,0.10471,0.40385,0.9,7.74,11.75,110.2,143.6
16.3704,0.0963,0.39851,0.9,0.10253,0.40207,0.9,0.10415,0.40369,0.9,7.63,10.1,155.5,144.1
16.3878,0.0947,0.4001,0.9,0.10206,0.40195,0.9,0.10362,0.40356,0.9,8.08,9.94,134.6,143.7
16.4031,0.09513,0.40082,0.9,0.10164,0.40188,0.9,0.10311,0.40345,0.9,7.03,9.39,107.9,142.2
16.5154,0.07133,0.39036,0.9,0.09983,0.40119,0.9,0.10138,0.4028,0.9,32.43,35.25,145.0,142.4
16.5604,0.05269,0.38885,0.9,0.097,0.40045,0.9,0.0994,0.40219,0.9,48.73,40.36,110.8,141.1
16.666,0.05721,0.38573,0.9,0.09461,0.39957,0.9,0.09759,0.40117,0.9,42.43,40.79,177.7,142.6
16.6819,0.06228,0.38023,0.9,0.09267,0.39841,0.9,0.09584,0.40017,0.9,37.67,39.42,111.4,141.3
16.7566,0.06186,0.38069,0.9,0.09082,0.39734,0.9,0.09404,0.39915,0.9,35.54,39.17,141.4,141.3
16.7719,0.06109,0.3809,0.9,0.08904,0.39636,0.9,0.09229,0.39814,0.9,33.98,37.32,112.9,140.2
16.8319,0.06177,0.38068,0.9,0.0874,0.39542,0.9,0.0905,0.39715,0.9,31.45,35.28,128.8,139.7
16.921,0.06213,0.38005,0.9,0.08589,0.3945,0.9,0.0888,0.39618,0.9,29.58,33.56,163.9,140.7
16.9709,0.06066,0.3808,0.9,0.08437,0.39367,0.9,0.08723,0.39525,0.9,28.7,31.96,104.0,139.2
17.038,0.06188,0.38245,0.9,0.08302,0.393,0.9,0.08578,0.39451,0.9,25.14,28.42,143.3,139.4
17.0547,0.06169,0.38233,0.9,0.08174,0.39236,0.9,0.08439,0.39382,0.9,23.86,27.01,146.0,139.6
17.1593,0.05621,0.38178,0.9,0.08021,0.39172,0.9,0.08292,0.39316,0.9,27.64,28.48,119.6,138.8
17.1903,0.05391,0.38444,0.9,0.07863,0.39129,0.9,0.08083,0.39245,0.9,27.29,30.15,133.5,138.6
17.272,0.06302,0.38648,0.9,0.07769,0.391,0.9,0.07911,0.39192,0.9,16.34,19.96,168.6,139.8
17.3056,0.06588,0.38981,0.9,0.07699,0.39093,0.9,0.07762,0.39132,0.9,11.88,16.21,112.5,138.7
17.3953,0.06898,0.39329,0.9,0.07651,0.39107,0.9,0.07662,0.39101,0.9,8.35,6.91,154.1,139.4
17.4406,0.07571,0.39382,0.9,0.07646,0.39123,0.9,0.07591,0.39077,0.9,2.87,2.96,143.3,139.5
17.4699,0.07889,0.39473,0.9,0.0766,0.39144,0.9,0.07539,0.39059,0.9,4.26,4.7,135.5,139.4
17.5318,0.07842,0.39007,0.9,0.07671,0.39136,0.9,0.0749,0.39026,0.9,2.28,2.4,112.5,138.3
17.5932,0.07792,0.38913,0.9,0.07679,0.39123,0.9,0.07448,0.38988,0.9,2.54,3.29,120.1,137.6
17.6671,0.0766,0.39002,0.9,0.07677,0.39116,0.9,0.07403,0.38957,0.9,1.22,2.18,143.1,137.8
17.6991,0.07699,0.39011,0.9,0.07679,0.39109,0.9,0.07367,0.38934,0.9,1.07,2.98,134.3,137.6
17.7739,0.0757,0.39111,0.9,0.07672,0.39109,0.9,0.07322,0.38921,0.9,1.09,2.46,174.9,139.1
17.7911,0.07201,0.39174,0.9,0.07644,0.39113,0.9,0.07271,0.3891,0.9,4.76,2.58,104.9,137.8
17.8238,0.07249,0.39082,0.9,0.0762,0.39111,0.9,0.07211,0.38906,0.9,3.96,2.69,102.6,136.3
17.9581,0.07317,0.38935,0.9,0.07602,0.39101,0.9,0.07165,0.38908,0.9,3.5,3.15,197.1,138.8
18.0022,0.07004,0.39226,0.9,0.07566,0.39108,0.9,0.07127,0.38905,0.9,6.11,1.41,187.5,140.7
18.0179,0.07264,0.39135,0.9,0.07548,0.3911,0.9,0.07119,0.38918,0.9,3.04,2.02,113.9,139.7
18.0938,0.07162,0.39161,0.9,0.07525,0.39113,0.9,0.0712,0.38936,0.9,3.89,2.47,137.0,139.6
18.2136,0.07504,0.38815,0.9,0.07524,0.39095,0.9,0.07124,0.38954,0.9,2.99,2.13,103.4,138.1
18.3002,0.0731,0.38624,0.9,0.07511,0.39067,0.9,0.07136,0.38934,0.9,5.18,4.38,123.8,137.5
18.3895,0.07302,0.38897,0.9,0.07498,0.39057,0.9,0.07142,0.38942,0.9,2.69,2.0,191.9,139.7
18.4353,0.07055,0.39199,0.9,0.07472,0.39065,0.9,0.07148,0.38949,0.9,4.66,1.38,108.1,138.4
18.4513,0.06835,0.39238,0.9,0.07434,0.39076,0.9,0.07134,0.38963,0.9,6.59,4.7,155.0,139.1
18.497,0.06698,0.39193,0.9,0.07389,0.39083,0.9,0.07116,0.38973,0.9,7.45,5.11,178.0,140.7
18.5289,0.06561,0.3914,0.9,0.0734,0.39086,0.9,0.07111,0.38984,0.9,8.31,1.75,180.5,142.3
18.5946,0.0708,0.39279,0.9,0.07324,0.39098,0.9,0.07115,0.38996,0.9,3.23,1.61,111.0,141.0
18.6608,0.06808,0.39342,0.9,0.07293,0.39112,0.9,0.07108,0.39015,0.9,5.71,2.96,169.5,142.1
18.722,0.06981,0.39112,0.9,0.07274,0.39112,0.9,0.07089,0.39031,0.9,3.12,3.81,111.4,140.9
18.7962,0.06871,0.3912,0.9,0.0725,0.39113,0.9,0.07089,0.39036,0.9,4.03,0.48,180.0,142.5
18.8122,0.07092,0.39055,0.9,0.07241,0.39109,0.9,0.07091,0.39044,0.9,1.68,0.72,162.1,143.3
18.8775,0.06992,0.39319,0.9,0.07226,0.39122,0.9,0.07086,0.39064,0.9,3.25,3.4,106.7,141.8
18.9833,0.0708,0.39263,0.9,0.07217,0.3913,0.9,0.07089,0.39069,0.9,2.03,0.74,186.0,143.6
18.9991,0.07274,0.39101,0.9,0.07221,0.39129,0.9,0.0709,0.39058,0.9,0.64,0.66,177.5,144.9
19.0292,0.07027,0.39027,0.9,0.07209,0.39122,0.9,0.07095,0.39059,0.9,2.19,1.21,179.5,146.3
19.0456,0.07203,0.38994,0.9,0.07209,0.39115,0.9,0.07098,0.39059,0.9,1.29,0.78,165.7,147.1
19.1118,0.07095,0.39119,0.9,0.07202,0.39115,0.9,0.07091,0.39066,0.9,1.13,0.37,138.1,146.7
19.2043,0.07042,0.39215,0.9,0.07192,0.39121,0.9,0.07079,0.39077,0.9,1.88,1.57,146.6,146.7
19.2651,0.07141,0.391,0.9,0.07189,0.3912,0.9,0.07082,0.39078,0.9,0.56,1.16,179.8,148.0
19.3108,0.0721,0.39029,0.9,0.0719,0.39114,0.9,0.07086,0.39082,0.9,0.93,0.5,171.0,149.0
19.3559,0.07049,0.39163,0.9,0.07182,0.39117,0.9,0.07083,0.39092,0.9,1.49,0.96,174.7,150.0
19.3715,0.0708,0.3918,0.9,0.07176,0.39121,0.9,0.07085,0.39101,0.9,1.2,1.16,165.7,150.6
19.4186,0.07262,0.39086,0.9,0.07181,0.39119,0.9,0.07095,0.39102,0.9,0.93,2.05,116.1,149.2
19.4352,0.07198,0.3913,0.9,0.07182,0.3912,0.9,0.07103,0.39104,0.9,0.21,1.44,116.5,147.9
19.4807,0.07077,0.39245,0.9,0.07176,0.39127,0.9,0.07103,0.39113,0.9,1.64,0.85,117.7,146.7
19.5857,0.0733,0.39159,0.9,0.07185,0.39129,0.9,0.07113,0.39115,0.9,1.58,1.74,119.1,145.6
19.664,0.0736,0.39101,0.9,0.07196,0.39127,0.9,0.07127,0.39112,0.9,1.77,3.07,111.6,144.3
19.695,0.07158,0.39131,0.9,0.07193,0.39128,0.9,0.07132,0.39111,0.9,0.38,0.52,117.2,143.2
19.7719,0.07049,0.39176,0.9,0.07185,0.3913,0.9,0.07129,0.39115,0.9,1.52,1.27,151.0,143.5
19.788,0.07137,0.39114,0.9,0.07182,0.39129,0.9,0.07126,0.39124,0.9,0.5,1.7,105.5,142.0
19.8643,0.07171,0.39129,0.9,0.07181,0.39129,0.9,0.07131,0.39126,0.9,0.11,1.07,117.2,141.0
19.9627,0.07289,0.39255,0.9,0.07188,0.39137,0.9,0.0714,0.39132,0.9,1.65,2.08,147.4,141.2
20.0243,0.07245,0.39342,0.9,0.07191,0.39149,0.9,0.07147,0.39144,0.9,2.13,2.39,173.5,142.5
20.0401,0.07244,0.3935,0.9,0.07194,0.39161,0.9,0.07152,0.39156,0.9,2.08,2.37,153.8,143.0
20.0559,0.07319,0.39341,0.9,0.07202,0.39172,0.9,0.07161,0.39166,0.9,2.19,2.35,129.7,142.4
20.132,0.07165,0.39279,0.9,0.07199,0.39179,0.9,0.07168,0.3917,0.9,1.13,0.87,174.1,143.7
20.1824,0.07006,0.39452,0.9,0.07188,0.39195,0.9,0.07171,0.39181,0.9,3.35,2.17,101.8,142.0
20.2435,0.07171,0.39276,0.9,0.07187,0.392,0.9,0.07162,0.39195,0.9,0.83,3.26,103.2,140.5
20.2891,0.07063,0.39268,0.9,0.07179,0.39204,0.9,0.07167,0.39199,0.9,1.41,1.01,108.4,139.2
20.3497,0.07115,0.39273,0.9,0.07176,0.39208,0.9,0.07165,0.39202,0.9,0.95,0.9,114.4,138.2
20.4498,0.06037,0.39724,0.9,0.07107,0.39239,0.9,0.07108,0.3923,0.9,12.5,12.11,136.7,138.1
20.5261,0.05763,0.39784,0.9,0.07027,0.39272,0.9,0.06993,0.39274,0.9,14.5,24.23,192.1,140.3
20.5857,0.04928,0.39999,0.9,0.06901,0.39315,0.9,0.06887,0.39314,0.9,22.21,22.17,151.1,140.7
20.6449,0.05252,0.39928,0.9,0.06802,0.39352,0.9,0.06797,0.39351,0.9,17.59,19.97,121.9,140.0
20.6604,0.05258,0.39599,0.9,0.06709,0.39367,0.9,0.06722,0.39372,0.9,15.63,15.76,129.3,139.5
20.7342,0.05329,0.39264,0.9,0.06626,0.39361,0.9,0.06668,0.39349,0.9,13.84,12.39,170.1,140.8
20.7655,0.05753,0.38686,0.9,0.06574,0.3932,0.9,0.06618,0.39327,0.9,11.03,11.83,109.1,139.5
20.8435,0.05789,0.38707,0.9,0.06527,0.39284,0.9,0.06577,0.39297,0.9,9.96,10.45,137.1,139.4
20.9036,0.05646,0.38616,0.9,0.06474,0.39243,0.9,0.06531,0.39269,0.9,11.05,11.22,131.6,139.1
20.9518,0.05615,0.38522,0.9,0.06422,0.392,0.9,0.06483,0.39233,0.9,11.22,12.54,177.2,140.6
20.9682,0.05578,0.38451,0.9,0.06372,0.39155,0.9,0.06434,0.39198,0.9,11.29,12.18,152.5,141.1
20.9853,0.05552,0.38386,0.9,0.06323,0.39109,0.9,0.0639,0.3916,0.9,11.24,11.8,131.0,140.7
21.0153,0.05438,0.38495,0.9,0.0627,0.39072,0.9,0.06341,0.39128,0.9,10.76,11.6,140.6,140.7
21.0761,0.05577,0.38659,0.9,0.06228,0.39047,0.9,0.06256,0.39116,0.9,8.06,9.64,114.0,139.6
21.1379,0.05621,0.38808,0.9,0.06192,0.39033,0.9,0.06196,0.39118,0.9,6.53,4.18,183.3,141.4
21.1535,0.05921,0.38847,0.9,0.06175,0.39022,0.9,0.06144,0.39117,0.9,3.28,3.74,160.8,142.2
21.2192,0.06671,0.39156,0.9,0.06205,0.3903,0.9,0.06121,0.39126,0.9,5.14,3.22,121.7,141.3
21.2525,0.06936,0.39465,0.9,0.06249,0.39056,0.9,0.06133,0.39152,0.9,8.51,9.34,145.5,141.5
21.2682,0.07255,0.39865,0.9,0.06309,0.39105,0.9,0.06156,0.39162,0.9,12.91,9.95,115.9,140.5
21.373,0.07382,0.4029,0.9,0.06374,0.39176,0.9,0.0622,0.39225,0.9,15.99,22.57,196.8,142.7
21.3888,0.08172,0.40693,0.9,0.06482,0.39267,0.9,0.06285,0.39283,0.9,23.53,21.54,104.5,141.2
21.5065,0.09101,0.40869,0.9,0.06639,0.39363,0.9,0.06426,0.39345,0.9,30.71,35.07,161.4,142.0
21.5426,0.09634,0.40738,0.9,0.06818,0.39445,0.9,0.06614,0.39392,0.9,32.96,43.4,178.0,143.4
21.5723,0.10467,0.40625,0.9,0.07037,0.39516,0.9,0.0682,0.39435,0.9,38.35,46.29,180.7,144.9
21.6034,0.1181,0.40543,0.9,0.07324,0.39578,0.9,0.07001,0.39477,0.9,48.82,41.36,103.6,143.3
21.6511,0.1273,0.40343,0.9,0.07648,0.39624,0.9,0.07287,0.39507,0.9,54.6,61.57,160.7,144.0
21.6965,0.14062,0.40155,0.9,0.08033,0.39656,0.9,0.076,0.39531,0.9,64.36,66.06,132.9,143.5
21.757,0.14189,0.4055,0.9,0.08402,0.39709,0.9,0.0792,0.3958,0.9,62.2,66.29,152.3,143.9
21.7739,0.14005,0.40814,0.9,0.08738,0.39776,0.9,0.08226,0.39627,0.9,57.11,62.84,125.8,143.2
21.8343,0.13891,0.41051,0.9,0.09048,0.39852,0.9,0.08509,0.397,0.9,53.08,57.45,153.3,143.6
21.8724,0.12741,0.41731,0.9,0.09269,0.39965,0.9,0.08772,0.39791,0.9,41.44,51.8,106.8,142.1
21.8883,0.11874,0.42052,0.9,0.09426,0.4009,0.9,0.08991,0.39895,0.9,33.37,44.64,104.1,140.6
21.9181,0.10855,0.42385,0.9,0.09511,0.40228,0.9,0.09169,0.4003,0.9,27.04,36.05,112.9,139.5
21.9784,0.09437,0.42691,0.9,0.09507,0.40376,0.9,0.09256,0.40191,0.9,24.65,26.59,134.1,139.3
21.9946,0.0822,0.42851,0.9,0.0943,0.40524,0.9,0.09332,0.40344,0.9,27.9,25.49,115.1,138.3
22.0597,0.06612,0.43071,0.9,0.09261,0.40677,0.9,0.09262,0.40503,0.9,37.98,41.74,152.9,138.9
22.1207,0.0514,0.43003,0.9,0.09013,0.40816,0.9,0.09097,0.40654,0.9,47.31,55.19,158.9,139.7
22.1678,0.0361,0.43135,0.9,0.08689,0.40956,0.9,0.08843,0.40802,0.9,58.8,71.23,167.2,140.8
22.1827,0.01511,0.43163,0.9,0.08258,0.41088,0.9,0.086,0.40937,0.9,75.1,76.8,140.2,140.8
22.2122,-0.00047,0.43101,0.9,0.0776,0.41209,0.9,0.08317,0.4106,0.9,85.46,85.7,132.9,140.4
22.261,-0.01928,0.43309,0.9,0.07179,0.41335,0.9,0.07915,0.41193,0.9,99.13,108.84,149.8,140.8
22.307,-0.03664,0.43136,0.9,0.06528,0.41443,0.9,0.07389,0.41304,0.9,109.92,131.22,168.4,141.9
22.3676,-0.06988,0.42713,0.9,0.05717,0.41519,0.9,0.06797,0.41407,0.9,135.76,141.3,134.6,141.6
22.4425,-0.09383,0.4208,0.9,0.04811,0.41553,0.9,0.06083,0.41473,0.9,151.1,162.54,143.8,141.7
22.4587,-0.11116,0.41027,0.9,0.03856,0.41521,0.9,0.05349,0.41523,0.9,159.36,162.85,106.8,140.3
22.524,-0.11586,0.40524,0.9,0.02929,0.41461,0.9,0.04547,0.41507,0.9,154.73,172.39,154.1,140.9
22.5738,-0.12351,0.40011,0.9,0.02012,0.41374,0.9,0.03702,0.41477,0.9,153.48,171.82,153.9,141.4
22.6046,-0.12959,0.39544,0.9,0.01114,0.41265,0.9,0.02852,0.41421,0.9,150.83,170.68,159.1,142.1
22.6204,-0.1345,0.39188,0.9,0.0024,0.4114,0.9,0.01978,0.41366,0.9,147.12,163.65,136.8,141.9
22.6965,-0.13592,0.38936,0.9,-0.0059,0.41008,0.9,0.011,0.41291,0.9,140.07,157.94,176.0,143.2
22.7261,-0.13391,0.38712,0.9,-0.01358,0.4087,0.9,0.00242,0.41212,0.9,130.06,147.24,142.6,143.2
22.7581,-0.1235,0.38923,0.9,-0.02017,0.40753,0.9,-0.00553,0.4114,0.9,111.64,131.93,123.9,142.5
22.8246,-0.10486,0.39256,0.9,-0.02525,0.40663,0.9,-0.01261,0.41082,0.9,86.0,110.47,103.1,140.9
22.8566,-0.09591,0.3942,0.9,-0.02949,0.40589,0.9,-0.01979,0.41027,0.9,71.74,93.23,100.5,139.3
22.9168,-0.08145,0.39677,0.9,-0.03261,0.40534,0.9,-0.02591,0.40985,0.9,52.75,67.67,131.0,138.9
22.948,-0.05855,0.39964,0.9,-0.03417,0.405,0.9,-0.03111,0.40943,0.9,26.56,40.75,127.7,138.5
22.9638,-0.0421,0.40197,0.9,-0.03464,0.40482,0.9,-0.03538,0.40903,0.9,8.49,22.08,120.3,137.7
23.0756,-0.01121,0.4067,0.9,-0.03324,0.40493,0.9,-0.03767,0.40867,0.9,23.51,23.16,135.1,137.6
23.1071,0.00794,0.40617,0.9,-0.03077,0.405,0.9,-0.03838,0.40821,0.9,41.2,54.43,164.0,138.7
23.1547,0.05749,0.40717,0.9,-0.02547,0.40513,0.9,-0.03767,0.40773,0.9,88.28,81.91,105.5,137.4
23.215,0.07167,0.40566,0.9,-0.01964,0.40517,0.9,-0.03596,0.40725,0.9,97.15,99.13,110.1,136.3
23.2443,0.08989,0.40746,0.9,-0.01307,0.4053,0.9,-0.03298,0.40673,0.9,109.56,121.83,129.9,136.0
23.2606,0.10285,0.40702,0.9,-0.00612,0.40541,0.9,-0.02972,0.40625,0.9,115.93,123.33,105.8,134.8
23.3265,0.11724,0.40594,0.9,0.00129,0.40544,0.9,-0.0249,0.40575,0.9,123.36,148.29,137.7,134.9
23.4054,0.14338,0.40248,0.9,0.00981,0.40526,0.9,-0.01849,0.40514,0.9,142.13,171.5,146.8,135.4
23.482,0.16108,0.39958,0.9,0.01889,0.40492,0.9,-0.01109,0.4044,0.9,151.37,184.77,162.5,136.5
23.5112,0.16868,0.39671,0.9,0.02788,0.40443,0.9,-0.00304,0.40352,0.9,150.01,187.81,165.2,137.6
23.5273,0.17706,0.39201,0.9,0.03683,0.40368,0.9,0.0052,0.4027,0.9,149.7,180.96,140.1,137.7
23.5438,0.18171,0.38778,0.9,0.04552,0.40273,0.9,0.01358,0.40181,0.9,145.75,176.39,134.0,137.6
23.5619,0.18571,0.38484,0.9,0.05393,0.40166,0.9,0.02251,0.40102,0.9,141.33,170.03,114.0,136.6
23.672,0.19165,0.38528,0.9,0.06219,0.40067,0.9,0.03205,0.40022,0.9,138.69,169.64,100.9,135.2
23.7632,0.18911,0.38503,0.9,0.06981,0.39973,0.9,0.0415,0.39945,0.9,127.88,156.88,168.2,136.5
23.7788,0.18834,0.38523,0.9,0.07692,0.39886,0.9,0.05081,0.39873,0.9,119.42,147.24,144.9,136.9
23.8114,0.18704,0.38601,0.9,0.08353,0.39809,0.9,0.06002,0.39809,0.9,110.87,136.22,143.6,137.1
23.8451,0.18348,0.386,0.9,0.08953,0.39737,0.9,0.06866,0.3975,0.9,100.69,123.92,141.9,137.3
23.9378,0.18242,0.38613,0.9,0.0951,0.39669,0.9,0.07722,0.39687,0.9,93.57,112.73,197.8,139.7
23.9536,0.1814,0.38554,0.9,0.10028,0.39602,0.9,0.08534,0.39625,0.9,87.02,103.69,162.9,140.7
24.0147,0.178,0.38304,0.9,0.10494,0.39525,0.9,0.09338,0.39547,0.9,78.8,93.29,159.1,141.4
24.0732,0.17716,0.37997,0.9,0.10927,0.39433,0.9,0.10126,0.39457,0.9,73.81,85.09,123.4,140.7
24.0886,0.17756,0.37747,0.9,0.11337,0.39332,0.9,0.10882,0.39351,0.9,70.34,77.97,130.7,140.3
24.1928,0.17755,0.3753,0.9,0.11722,0.39224,0.9,0.11575,0.39239,0.9,66.66,70.32,125.8,139.7
24.2681,0.17483,0.37794,0.9,0.12068,0.39138,0.9,0.1221,0.39137,0.9,59.36,61.03,136.4,139.6
24.2842,0.17323,0.37934,0.9,0.12383,0.39066,0.9,0.12806,0.39045,0.9,53.91,52.95,132.6,139.3
24.331,0.16947,0.38215,0.9,0.12657,0.39015,0.9,0.13321,0.38974,0.9,46.42,41.33,142.8,139.4
24.3637,0.15237,0.3847,0.9,0.12812,0.38982,0.9,0.13741,0.38914,0.9,26.37,26.15,116.2,138.5
24.4139,0.14351,0.3873,0.9,0.12904,0.38967,0.9,0.1404,0.38881,0.9,15.6,5.8,142.2,138.7
24.5349,0.12,0.39612,0.9,0.1285,0.39005,0.9,0.14225,0.38883,0.9,11.1,13.45,117.8,137.8
24.5654,0.09194,0.40402,0.9,0.1263,0.39089,0.9,0.14238,0.38931,0.9,39.14,44.53,116.9,137.0
24.5823,0.07561,0.40519,0.9,0.12326,0.39175,0.9,0.1419,0.3898,0.9,52.67,52.94,100.0,135.5
24.6479,0.06139,0.40712,0.9,0.11955,0.39267,0.9,0.14016,0.39033,0.9,63.75,73.45,100.3,134.1
24.7845,0.03454,0.41217,0.9,0.11445,0.39384,0.9,0.13706,0.39103,0.9,87.22,97.61,107.5,133.0
24.801,0.0045,0.41624,0.9,0.10785,0.39519,0.9,0.13209,0.39193,0.9,112.21,132.23,126.2,132.8
24.8446,-0.00825,0.41672,0.9,0.10089,0.39648,0.9,0.12613,0.39287,0.9,118.08,148.6,147.8,133.4
24.892,-0.03073,0.4184,0.9,0.09299,0.39779,0.9,0.11977,0.39384,0.9,133.43,153.12,114.9,132.6
24.9217,-0.04429,0.41948,0.9,0.08475,0.39909,0.9,0.11284,0.39487,0.9,138.98,161.16,104.7,131.5
25.0446,-0.05737,0.41873,0.9,0.07623,0.40027,0.9,0.10517,0.3959,0.9,143.47,171.39,127.2,131.3
25.1328,-0.05965,0.41611,0.9,0.06807,0.40122,0.9,0.09743,0.39678,0.9,136.8,166.19,139.8,131.7
25.1661,-0.06016,0.41616,0.9,0.06038,0.40212,0.9,0.08966,0.39775,0.9,129.1,158.73,160.2,132.8
25.2142,-0.05935,0.41741,0.9,0.0532,0.40304,0.9,0.08199,0.39883,0.9,120.7,149.83,140.9,133.1
25.2766,-0.05268,0.41564,0.9,0.04684,0.40379,0.9,0.07435,0.39998,0.9,106.62,137.05,109.9,132.2
25.363,-0.05204,0.41551,0.9,0.04091,0.4045,0.9,0.06709,0.40105,0.9,99.58,125.89,179.2,134.1
25.4383,-0.05072,0.41547,0.9,0.03541,0.40515,0.9,0.05995,0.4021,0.9,92.28,114.95,198.6,136.7
25.4541,-0.04943,0.41602,0.9,0.03032,0.40581,0.9,0.05274,0.40318,0.9,85.53,106.82,182.6,138.5
25.4848,-0.04415,0.41579,0.9,0.02585,0.4064,0.9,0.04524,0.4043,0.9,75.14,98.99,124.9,138.0
25.5006,-0.04274,0.41626,0.9,0.02174,0.407,0.9,0.03793,0.40539,0.9,69.29,88.39,120.6,137.3
25.5936,-0.04194,0.41828,0.9,0.01792,0.40767,0.9,0.03086,0.40651,0.9,64.67,81.8,116.8,136.4
25.6244,-0.03931,0.41917,0.9,0.01448,0.40836,0.9,0.02414,0.40765,0.9,58.37,72.0,114.8,135.6
25.6539,-0.03808,0.4189,0.9,0.01133,0.409,0.9,0.01757,0.4087,0.9,53.61,64.38,110.4,134.6
25.7015,-0.03876,0.41926,0.9,0.00832,0.40961,0.9,0.01148,0.40963,0.9,51.13,56.93,103.3,133.3
25.7643,-0.04,0.41925,0.9,0.00542,0.41019,0.9,0.00576,0.41051,0.9,49.28,52.28,130.4,133.2
25.8117,-0.0387,0.41943,0.9,0.00278,0.41074,0.9,0.00057,0.41134,0.9,45.08,45.21,139.9,133.5
25.8421,-0.03815,0.41929,0.9,0.00032,0.41126,0.9,-0.0041,0.41209,0.9,41.81,39.79,145.2,133.9
25.8727,-0.03698,0.41855,0.9,-0.00192,0.41169,0.9,-0.00831,0.41277,0.9,38.0,35.08,102.8,132.7
25.9695,-0.03611,0.41718,0.9,-0.00397,0.41202,0.9,-0.01194,0.41326,0.9,34.63,27.32,150.2,133.4
25.987,-0.03385,0.41597,0.9,-0.00576,0.41226,0.9,-0.01517,0.41368,0.9,30.15,22.42,126.1,133.1
26.0181,-0.03339,0.41558,0.9,-0.00742,0.41246,0.9,-0.01806,0.41403,0.9,27.82,18.54,113.6,132.3
26.0639,-0.033,0.41528,0.9,-0.00895,0.41263,0.9,-0.02056,0.41434,0.9,25.74,15.12,119.5,131.8
26.156,-0.03107,0.41542,0.9,-0.01028,0.4128,0.9,-0.02268,0.41466,0.9,22.29,10.1,163.2,133.1
26.2032,-0.0302,0.41627,0.9,-0.01148,0.413,0.9,-0.02445,0.41501,0.9,20.22,7.42,163.5,134.3
26.2203,-0.02963,0.41676,0.9,-0.01257,0.41323,0.9,-0.02598,0.41532,0.9,18.54,5.53,127.0,134.0
26.2848,-0.02953,0.41778,0.9,-0.01358,0.4135,0.9,-0.02723,0.41569,0.9,17.56,4.12,170.5,135.4
26.3453,-0.02833,0.41839,0.9,-0.01447,0.4138,0.9,-0.02831,0.41602,0.9,15.53,2.94,136.8,135.5
26.4057,-0.0283,0.41957,0.9,-0.0153,0.41414,0.9,-0.0292,0.4164,0.9,14.99,3.92,164.4,136.7
26.4217,-0.02842,0.42015,0.9,-0.01609,0.4145,0.9,-0.02994,0.41675,0.9,14.43,3.82,136.2,136.6
26.521,-0.0269,0.42019,0.9,-0.01673,0.41484,0.9,-0.03045,0.41706,0.9,12.22,4.85,152.8,137.3
26.5368,-0.02576,0.42001,0.9,-0.01728,0.41515,0.9,-0.03077,0.41729,0.9,10.4,5.4,130.3,137.0
26.5976,-0.0269,0.4206,0.9,-0.01785,0.41548,0.9,-0.03098,0.4175,0.9,11.06,5.6,168.7,138.3
26.6571,-0.02588,0.42025,0.9,-0.01833,0.41577,0.9,-0.03116,0.41767,0.9,9.33,5.66,188.6,140.3
26.6718,-0.02574,0.42029,0.9,-0.01878,0.41604,0.9,-0.0312,0.41782,0.9,8.67,5.89,108.5,139.0
26.7551,-0.02471,0.42057,0.9,-0.01913,0.41631,0.9,-0.0311,0.41802,0.9,7.46,6.8,157.5,139.8
26.8341,-0.02752,0.42288,0.9,-0.01964,0.4167,0.9,-0.03101,0.41827,0.9,10.65,6.26,108.1,138.5
26.85,-0.026,0.42229,0.9,-0.02002,0.41704,0.9,-0.03091,0.41852,0.9,8.47,6.01,111.5,137.4
26.8954,-0.02663,0.42274,0.9,-0.02042,0.41738,0.9,-0.03073,0.41879,0.9,8.74,6.07,119.5,136.7
27.0131,-0.02598,0.4237,0.9,-0.02075,0.41776,0.9,-0.03052,0.41909,0.9,8.43,6.8,123.2,136.2
27.1022,-0.02295,0.42421,0.9,-0.02088,0.41815,0.9,-0.03017,0.41943,0.9,6.81,8.76,103.2,134.8
27.2235,-0.0216,0.42413,0.9,-0.02093,0.41851,0.9,-0.02957,0.41968,0.9,6.02,12.3,187.9,137.0
27.2404,-0.01676,0.42383,0.9,-0.02068,0.41883,0.9,-0.02899,0.41989,0.9,6.76,10.57,106.6,135.7
27.2569,-0.01725,0.42326,0.9,-0.02047,0.41909,0.9,-0.0283,0.42014,0.9,5.6,12.61,111.4,134.8
27.3075,-0.0168,0.4234,0.9,-0.02025,0.41935,0.9,-0.02764,0.42036,0.9,5.66,11.76,114.1,133.9
27.3527,-0.01835,0.42201,0.9,-0.02014,0.41951,0.9,-0.02707,0.42049,0.9,3.27,9.49,132.7,133.9
27.3841,-0.01873,0.42059,0.9,-0.02005,0.41957,0.9,-0.02653,0.42058,0.9,1.77,8.61,112.3,133.0
27.491,-0.01721,0.42057,0.9,-0.01988,0.41963,0.9,-0.02596,0.42065,0.9,3.01,9.08,125.7,132.7
27.5414,-0.01632,0.42054,0.9,-0.01967,0.41969,0.9,-0.02541,0.42074,0.9,3.68,9.18,148.4,133.4
27.5592,-0.01768,0.421,0.9,-0.01955,0.41977,0.9,-0.02492,0.42083,0.9,2.38,8.16,118.9,132.8
27.6341,-0.01718,0.42148,0.9,-0.01941,0.41987,0.9,-0.02425,0.42091,0.9,2.93,11.54,153.5,133.6
27.6787,-0.00871,0.41984,0.9,-0.01876,0.41987,0.9,-0.02333,0.42098,0.9,10.69,16.59,152.9,134.4
27.7531,-0.00636,0.42083,0.9,-0.01802,0.41993,0.9,-0.02173,0.42117,0.9,12.44,29.25,179.4,136.2
27.8167,0.00882,0.4232,0.9,-0.01641,0.42012,0.9,-0.01947,0.4212,0.9,27.04,40.41,186.8,138.2
27.8487,0.01696,0.4208,0.9,-0.01441,0.42016,0.9,-0.01736,0.42122,0.9,33.38,38.11,143.0,138.4
27.8941,0.03372,0.41733,0.9,-0.01152,0.41999,0.9,-0.01428,0.42104,0.9,48.21,57.02,155.9,139.1
27.9708,0.05742,0.41355,0.9,-0.00738,0.41961,0.9,-0.01051,0.42073,0.9,69.24,71.31,136.1,139.0
27.9881,0.06935,0.4116,0.9,-0.00278,0.41913,0.9,-0.00671,0.42037,0.9,77.15,72.72,106.5,137.7
28.0619,0.13083,0.40884,0.9,0.00524,0.41851,0.9,-0.00035,0.41962,0.9,134.0,124.79,106.6,136.4
28.2421,0.17054,0.40393,0.9,0.01516,0.41763,0.9,0.00828,0.41884,0.9,165.94,169.57,127.0,136.1
28.2884,0.16962,0.40391,0.9,0.02442,0.41681,0.9,0.01657,0.41809,0.9,155.07,162.75,139.2,136.2
28.334,0.17829,0.40291,0.9,0.03366,0.41598,0.9,0.02491,0.41729,0.9,154.5,164.48,155.5,137.0
28.3653,0.1842,0.40028,0.9,0.04269,0.41503,0.9,0.03306,0.41646,0.9,151.36,159.13,126.9,136.6
28.3976,0.19081,0.39779,0.9,0.05158,0.414,0.9,0.04109,0.41558,0.9,149.12,154.96,112.6,135.6
28.4787,0.19943,0.39146,0.9,0.06045,0.41265,0.9,0.04949,0.41437,0.9,149.57,158.33,168.4,136.9
28.5375,0.19665,0.39041,0.9,0.06862,0.41131,0.9,0.0577,0.41315,0.9,138.01,149.95,183.3,138.8
28.5975,0.19784,0.39007,0.9,0.07637,0.41004,0.9,0.06538,0.41197,0.9,130.96,139.49,179.9,140.4
28.6136,0.19533,0.39003,0.9,0.08351,0.40884,0.9,0.07264,0.41086,0.9,120.62,131.65,151.3,140.9
28.6891,0.19464,0.3898,0.9,0.09018,0.4077,0.9,0.0798,0.40971,0.9,112.74,122.44,194.0,143.0
28.7354,0.19347,0.38978,0.9,0.09638,0.40662,0.9,0.08689,0.40857,0.9,104.84,115.15,110.0,141.7
28.78,0.19113,0.38946,0.9,0.10206,0.40559,0.9,0.0935,0.40746,0.9,96.29,105.02,159.7,142.4
28.8126,0.18845,0.38945,0.9,0.10724,0.40462,0.9,0.10078,0.40626,0.9,87.88,97.65,103.5,140.8
28.8959,0.18696,0.38847,0.9,0.11203,0.40365,0.9,0.10846,0.40508,0.9,81.34,87.82,162.3,141.7
28.9291,0.18591,0.39066,0.9,0.11646,0.40287,0.9,0.11562,0.404,0.9,75.02,79.93,106.9,140.3
29.0198,0.18527,0.38934,0.9,0.12059,0.40206,0.9,0.12227,0.40295,0.9,70.12,71.09,130.1,139.9
29.0804,0.18696,0.39061,0.9,0.12457,0.40137,0.9,0.12857,0.40197,0.9,67.35,65.62,127.1,139.4
29.1468,0.18747,0.38979,0.9,0.12835,0.40068,0.9,0.13464,0.40088,0.9,63.96,60.04,147.9,139.7
29.1775,0.18719,0.3904,0.9,0.13188,0.40006,0.9,0.1404,0.39986,0.9,59.74,53.77,148.0,140.0
29.2386,0.18845,0.39136,0.9,0.13527,0.39954,0.9,0.14571,0.39893,0.9,57.24,47.73,161.3,140.9
29.2548,0.18682,0.39064,0.9,0.13836,0.39901,0.9,0.15052,0.39805,0.9,52.31,42.04,156.3,141.5
29.3417,0.18637,0.39295,0.9,0.14124,0.39864,0.9,0.15492,0.39733,0.9,48.38,36.54,126.1,140.9
29.3811,0.18564,0.39313,0.9,0.14391,0.39831,0.9,0.15888,0.3967,0.9,44.73,31.25,126.5,140.3
29.4146,0.1863,0.39284,0.9,0.14645,0.39798,0.9,0.16252,0.39611,0.9,42.75,27.59,134.6,140.1
29.4598,0.18622,0.39395,0.9,0.14884,0.39774,0.9,0.16577,0.39563,0.9,39.97,23.82,144.9,140.3
29.4761,0.18646,0.39518,0.9,0.15109,0.39759,0.9,0.16852,0.39525,0.9,37.71,20.63,128.0,139.8
29.507,0.18631,0.39502,0.9,0.15321,0.39743,0.9,0.17098,0.39493,0.9,35.31,17.89,102.9,138.3
29.5984,0.18382,0.394,0.9,0.15504,0.39723,0.9,0.17308,0.39465,0.9,30.81,14.08,112.2,137.3
29.682,0.18373,0.39413,0.9,0.15677,0.39704,0.9,0.17486,0.39429,0.9,28.85,10.04,178.3,138.9
29.7426,0.18469,0.39341,0.9,0.15844,0.39682,0.9,0.17649,0.39398,0.9,28.16,9.24,124.4,138.3
29.7587,0.18376,0.39248,0.9,0.15996,0.39656,0.9,0.17794,0.39373,0.9,25.69,7.82,114.2,137.4
29.7893,0.18331,0.3918,0.9,0.16136,0.39628,0.9,0.17916,0.39347,0.9,23.83,5.85,109.6,136.3
29.8345,0.18441,0.39296,0.9,0.16274,0.39608,0.9,0.18023,0.39326,0.9,23.28,4.98,119.5,135.6
29.9167,0.18396,0.39252,0.9,0.16402,0.39587,0.9,0.18111,0.39313,0.9,21.52,3.27,170.3,137.0
29.978,0.18337,0.39288,0.9,0.16518,0.39569,0.9,0.18187,0.39313,0.9,19.59,3.32,182.3,138.8
29.9946,0.18654,0.39596,0.9,0.16646,0.3957,0.9,0.18256,0.39317,0.9,21.36,3.73,104.1,137.4
30.0552,0.18393,0.39727,0.9,0.16751,0.3958,0.9,0.18316,0.39331,0.9,17.54,4.31,119.0,136.7
30.1337,0.18584,0.39802,0.9,0.16861,0.39593,0.9,0.18362,0.39349,0.9,18.46,4.14,162.5,137.7
30.1672,0.18397,0.39718,0.9,0.16953,0.396,0.9,0.18399,0.3937,0.9,15.41,4.16,162.5,138.7
30.2162,0.18386,0.39779,0.9,0.17039,0.39611,0.9,0.18439,0.3939,0.9,14.44,4.15,187.3,140.6
30.2619,0.18481,0.3977,0.9,0.17125,0.39621,0.9,0.18469,0.39411,0.9,14.51,4.19,189.9,142.6
30.3073,0.18373,0.39827,0.9,0.172,0.39633,0.9,0.18485,0.39427,0.9,12.65,4.13,124.8,141.9
30.3368,0.18364,0.39786,0.9,0.1727,0.39642,0.9,0.18499,0.39441,0.9,11.73,3.47,153.0,142.3
30.3846,0.1847,0.39707,0.9,0.17342,0.39646,0.9,0.18514,0.39454,0.9,12.01,2.94,152.1,142.7
30.4012,0.18518,0.39809,0.9,0.17413,0.39656,0.9,0.18524,0.39466,0.9,11.87,3.04,124.6,142.0
30.4681,0.18505,0.39812,0.9,0.17478,0.39665,0.9,0.18533,0.39483,0.9,11.03,3.76,170.8,143.2
30.4982,0.18491,0.39862,0.9,0.17539,0.39677,0.9,0.18538,0.39503,0.9,10.32,4.09,153.5,143.6
30.5141,0.1857,0.40004,0.9,0.17601,0.39697,0.9,0.18543,0.39528,0.9,10.82,4.36,119.9,142.6
30.5922,0.18411,0.4001,0.9,0.17649,0.39715,0.9,0.18542,0.39556,0.9,8.68,4.96,148.7,142.9
30.6079,0.18331,0.3996,0.9,0.1769,0.3973,0.9,0.18538,0.39585,0.9,7.25,4.6,127.0,142.2
30.6858,0.18383,0.39935,0.9,0.17732,0.39742,0.9,0.18534,0.3961,0.9,7.22,3.79,191.4,144.2
30.7357,0.18572,0.39888,0.9,0.17782,0.39751,0.9,0.18535,0.39633,0.9,8.53,2.86,138.5,144.0
30.8245,0.18462,0.39919,0.9,0.17823,0.39761,0.9,0.18538,0.3965,0.9,7.0,1.78,182.6,145.5
30.8438,0.18549,0.39806,0.9,0.17867,0.39764,0.9,0.18541,0.39667,0.9,7.28,1.86,168.0,146.4
30.8883,0.18512,0.3985,0.9,0.17905,0.39769,0.9,0.18541,0.39685,0.9,6.51,1.86,129.3,145.7
30.9539,0.18507,0.39881,0.9,0.17941,0.39776,0.9,0.18538,0.39698,0.9,6.12,1.4,106.6,144.2
31.0161,0.18464,0.3986,0.9,0.17973,0.39781,0.9,0.18534,0.39712,0.9,5.3,1.77,141.1,144.0
31.0943,0.18457,0.39791,0.9,0.18002,0.39781,0.9,0.185,0.3973,0.9,4.84,7.12,159.7,144.7
31.1384,0.16589,0.40261,0.9,0.17917,0.3981,0.9,0.18379,0.39766,0.9,14.92,24.74,166.3,145.5
31.1873,0.14545,0.4053,0.9,0.17715,0.39853,0.9,0.18232,0.39805,0.9,34.48,29.95,117.9,144.4
31.2214,0.14603,0.40543,0.9,0.17528,0.39895,0.9,0.18049,0.3985,0.9,31.87,37.28,119.0,143.4
31.3312,0.12278,0.40694,0.9,0.17213,0.39943,0.9,0.1777,0.39901,0.9,53.11,55.83,132.3,143.0
31.4052,0.08018,0.40936,0.9,0.16661,0.40002,0.9,0.17302,0.39959,0.9,92.49,93.46,134.2,142.6
31.4719,0.06627,0.40818,0.9,0.16059,0.40051,0.9,0.16759,0.4001,0.9,100.67,108.48,145.9,142.7
31.5366,0.04031,0.41007,0.9,0.15338,0.40109,0.9,0.16145,0.40062,0.9,120.67,123.15,130.4,142.3
31.5981,-0.01685,0.40845,0.9,0.14316,0.40153,0.9,0.15301,0.40106,0.9,170.39,169.12,107.5,140.9
31.7297,-0.02815,0.40986,0.9,0.13288,0.40203,0.9,0.14448,0.40154,0.9,171.51,170.79,100.8,139.3
31.8074,-0.04359,0.40896,0.9,0.1223,0.40244,0.9,0.1354,0.40197,0.9,176.61,181.84,114.7,138.3
31.8385,-0.04808,0.40806,0.9,0.11207,0.40278,0.9,0.1262,0.40231,0.9,170.47,183.76,140.7,138.4
31.8999,-0.05217,0.40773,0.9,0.10222,0.40308,0.9,0.11713,0.40262,0.9,164.32,178.67,141.5,138.5
31.9737,-0.0578,0.40583,0.9,0.09262,0.40324,0.9,0.10794,0.40291,0.9,160.04,174.28,127.2,138.0
32.0238,-0.06307,0.40377,0.9,0.08328,0.40328,0.9,0.09881,0.40308,0.9,155.69,170.95,147.1,138.4
32.0996,-0.06336,0.40387,0.9,0.07448,0.40331,0.9,0.08997,0.40326,0.9,146.64,162.07,132.0,138.2
32.1309,-0.06296,0.40319,0.9,0.06623,0.4033,0.9,0.08121,0.40345,0.9,137.44,153.27,102.3,136.7
32.2411,-0.06053,0.40265,0.9,0.05863,0.40326,0.9,0.07233,0.40364,0.9,126.77,140.34,177.9,138.4
32.2756,-0.05876,0.40348,0.9,0.05158,0.40328,0.9,0.06359,0.40381,0.9,117.39,131.63,160.1,139.2
32.3517,-0.05963,0.40349,0.9,0.04491,0.40329,0.9,0.05496,0.40399,0.9,111.21,123.32,127.1,138.8
